{
    "name": "root",
    "metadata": {
        "timer_format_version": "0.1.0",
        "start_time_seconds": "1650454183",
        "python_version": "3.8.0 (tags/v3.8.0:fa919fd, Oct 14 2019, 19:37:50) [MSC v.1916 64 bit (AMD64)]",
        "command_line_arguments": "P:\\Unity_projects\\track-ml\\venv\\Scripts\\mlagents-learn --run-id=new_run",
        "mlagents_version": "0.28.0",
        "mlagents_envs_version": "0.28.0",
        "communication_protocol_version": "1.5.0",
        "pytorch_version": "1.7.1+cu110",
        "numpy_version": "1.22.3",
        "end_time_seconds": "1650454267"
    },
    "total": 84.2839395,
    "count": 1,
    "self": 0.005334400000009509,
    "children": {
        "run_training.setup": {
            "total": 0.0832234999999999,
            "count": 1,
            "self": 0.0832234999999999
        },
        "TrainerController.start_learning": {
            "total": 84.19538159999999,
            "count": 1,
            "self": 0.024646399999951996,
            "children": {
                "TrainerController._reset_env": {
                    "total": 9.7123502,
                    "count": 1,
                    "self": 9.7123502
                },
                "TrainerController.advance": {
                    "total": 74.33698400000003,
                    "count": 1569,
                    "self": 0.019968800000000897,
                    "children": {
                        "env_step": {
                            "total": 70.84893830000004,
                            "count": 1569,
                            "self": 67.65535579999992,
                            "children": {
                                "SubprocessEnvManager._take_step": {
                                    "total": 3.177978900000003,
                                    "count": 1569,
                                    "self": 0.06041059999994047,
                                    "children": {
                                        "TorchPolicy.evaluate": {
                                            "total": 3.1175683000000625,
                                            "count": 1104,
                                            "self": 0.937163100000042,
                                            "children": {
                                                "TorchPolicy.sample_actions": {
                                                    "total": 2.1804052000000205,
                                                    "count": 1104,
                                                    "self": 2.1804052000000205
                                                }
                                            }
                                        }
                                    }
                                },
                                "workers": {
                                    "total": 0.015603600000112294,
                                    "count": 1568,
                                    "self": 0.0,
                                    "children": {
                                        "worker_root": {
                                            "total": 15.574996600000016,
                                            "count": 1568,
                                            "is_parallel": true,
                                            "self": 10.240041300000009,
                                            "children": {
                                                "steps_from_proto": {
                                                    "total": 0.00043490000000012685,
                                                    "count": 1,
                                                    "is_parallel": true,
                                                    "self": 0.00011590000000083478,
                                                    "children": {
                                                        "_process_rank_one_or_two_observation": {
                                                            "total": 0.00031899999999929207,
                                                            "count": 2,
                                                            "is_parallel": true,
                                                            "self": 0.00031899999999929207
                                                        }
                                                    }
                                                },
                                                "UnityEnvironment.step": {
                                                    "total": 5.334520400000008,
                                                    "count": 1568,
                                                    "is_parallel": true,
                                                    "self": 0.14431119999996334,
                                                    "children": {
                                                        "UnityEnvironment._generate_step_input": {
                                                            "total": 0.18921090000005236,
                                                            "count": 1568,
                                                            "is_parallel": true,
                                                            "self": 0.18921090000005236
                                                        },
                                                        "communicator.exchange": {
                                                            "total": 4.6773398000000075,
                                                            "count": 1568,
                                                            "is_parallel": true,
                                                            "self": 4.6773398000000075
                                                        },
                                                        "steps_from_proto": {
                                                            "total": 0.32365849999998453,
                                                            "count": 1568,
                                                            "is_parallel": true,
                                                            "self": 0.13653350000004494,
                                                            "children": {
                                                                "_process_rank_one_or_two_observation": {
                                                                    "total": 0.1871249999999396,
                                                                    "count": 3136,
                                                                    "is_parallel": true,
                                                                    "self": 0.1871249999999396
                                                                }
                                                            }
                                                        }
                                                    }
                                                }
                                            }
                                        }
                                    }
                                }
                            }
                        },
                        "trainer_advance": {
                            "total": 3.468076899999989,
                            "count": 1568,
                            "self": 0.028349399999996194,
                            "children": {
                                "process_trajectory": {
                                    "total": 1.6997074999999953,
                                    "count": 1568,
                                    "self": 1.6997074999999953
                                },
                                "_update_policy": {
                                    "total": 1.7400199999999977,