{
    "name": "root",
    "gauges": {
        "RollerBall.Policy.Entropy.mean": {
            "value": 1.0283317565917969,
            "min": 1.0281037092208862,
            "max": 1.4164284467697144,
            "count": 50
        },
        "RollerBall.Policy.Entropy.sum": {
            "value": 10242.1845703125,
            "min": 10242.1845703125,
            "max": 14253.51953125,
            "count": 50
        },
        "RollerBall.Step.mean": {
            "value": 499958.0,
            "min": 9999.0,
            "max": 499958.0,
            "count": 50
        },
        "RollerBall.Step.sum": {
            "value": 499958.0,
            "min": 9999.0,
            "max": 499958.0,
            "count": 50
        },
        "RollerBall.Policy.ExtrinsicValueEstimate.mean": {
            "value": 1.7501764297485352,
            "min": 0.11803382635116577,
            "max": 1.9605469703674316,
            "count": 50
        },
        "RollerBall.Policy.ExtrinsicValueEstimate.sum": {
            "value": 278.2780456542969,
            "min": 18.41327667236328,
            "max": 315.6480712890625,
            "count": 50
        },
        "RollerBall.Losses.PolicyLoss.mean": {
            "value": 0.24679083620297876,
            "min": 0.23644489231887747,
            "max": 0.25028597297764005,
            "count": 50
        },
        "RollerBall.Losses.PolicyLoss.sum": {
            "value": 19.002894387629365,
            "min": 18.442701600872443,
            "max": 19.706622404906575,
            "count": 50
        },
        "RollerBall.Losses.ValueLoss.mean": {
            "value": 0.2088298609238528,
            "min": 0.026464723604196952,
            "max": 0.22294964471368325,
            "count": 50
        },
        "RollerBall.Losses.ValueLoss.sum": {
            "value": 16.079899291136666,
            "min": 2.0416127598144316,
            "max": 17.390072287667294,
            "count": 50
        },
        "RollerBall.Policy.LearningRate.mean": {
            "value": 2.9963899103272726e-06,
            "min": 2.9963899103272726e-06,
            "max": 0.00029696865485660253,
            "count": 50
        },
        "RollerBall.Policy.LearningRate.sum": {
            "value": 0.0002307220230952,
            "min": 0.0002307220230952,
            "max": 0.023163555078815,
            "count": 50
        },
        "RollerBall.Policy.Epsilon.mean": {
            "value": 0.10099876363636365,
            "min": 0.10099876363636365,
            "max": 0.19898955128205126,
            "count": 50
        },
        "RollerBall.Policy.Epsilon.sum": {
            "value": 7.7769048000000005,
            "min": 7.7769048000000005,
            "max": 15.521185,
            "count": 50
        },
        "RollerBall.Policy.Beta.mean": {
            "value": 1.4893941818181818e-05,
            "min": 1.4893941818181818e-05,
            "max": 0.0004950488012820513,
            "count": 50
        },
        "RollerBall.Policy.Beta.sum": {
            "value": 0.00114683352,
            "min": 0.00114683352,
            "max": 0.03861380650000001,
            "count": 50
        },
        "RollerBall.Environment.EpisodeLength.mean": {
            "value": 1204.0,
            "min": 1072.4444444444443,
            "max": 2999.0,
            "count": 50
        },
        "RollerBall.Environment.EpisodeLength.sum": {
            "value": 9632.0,
            "min": 8332.0,
            "max": 11738.0,
            "count": 50
        },
        "RollerBall.Environment.CumulativeReward.mean": {
            "value": 21.199999881908298,
            "min": 1.8333330750465393,
            "max": 23.33333331346512,
            "count": 50
        },
        "RollerBall.Environment.CumulativeReward.sum": {
            "value": 169.59999905526638,
            "min": 5.499999225139618,
            "max": 202.9999992698431,
            "count": 50
        },
        "RollerBall.Policy.ExtrinsicReward.mean": {
            "value": 21.199999881908298,
            "min": 1.8333330750465393,
            "max": 23.33333331346512,
            "count": 50
        },
        "RollerBall.Policy.ExtrinsicReward.sum": {
            "value": 169.59999905526638,
            "min": 5.499999225139618,
            "max": 202.9999992698431,
            "count": 50
        },
        "RollerBall.IsTraining.mean": {
            "value": 1.0,
            "min": 1.0,
            "max": 1.0,
            "count": 50
        },
        "RollerBall.IsTraining.sum": {
            "value": 1.0,
            "min": 1.0,
            "max": 1.0,
            "count": 50
        }
    },
    "metadata": {
        "timer_format_version": "0.1.0",
        "start_time_seconds": "1651056727",
        "python_version": "3.8.0 (tags/v3.8.0:fa919fd, Oct 14 2019, 19:37:50) [MSC v.1916 64 bit (AMD64)]",
        "command_line_arguments": "P:\\Unity_projects\\track-ml\\venv\\Scripts\\mlagents-learn config\\autopilot_config.yaml --run-id=testy --force",
        "mlagents_version": "0.28.0",
        "mlagents_envs_version": "0.28.0",
        "communication_protocol_version": "1.5.0",
        "pytorch_version": "1.7.1+cu110",
        "numpy_version": "1.22.3",
        "end_time_seconds": "1651060254"
    },
    "total": 3526.6165163,
    "count": 1,
    "self": 0.006652800000210846,
    "children": {
        "run_training.setup": {
            "total": 0.07185370000000002,
            "count": 1,
            "self": 0.07185370000000002
        },
        "TrainerController.start_learning": {
            "total": 3526.5380098,
            "count": 1,
            "self": 5.4958840000290365,
            "children": {
                "TrainerController._reset_env": {
                    "total": 5.147556,
                    "count": 1,
                    "self": 5.147556
                },
                "TrainerController.advance": {
                    "total": 3515.8526006999714,
                    "count": 500022,
                    "self": 5.115076300016426,
                    "children": {
                        "env_step": {
                            "total": 1991.509129800107,
                            "count": 500022,
                            "self": 929.7805271000741,
                            "children": {
                                "SubprocessEnvManager._take_step": {
                                    "total": 1057.7927614999553,
                                    "count": 500022,
                                    "self": 18.5730649999864,
                                    "children": {
                                        "TorchPolicy.evaluate": {
                                            "total": 1039.219696499969,
                                            "count": 500022,
                                            "self": 535.9001274998728,
                                            "children": {
                                                "TorchPolicy.sample_actions": {
                                                    "total": 503.31956900009607,
                                                    "count": 500022,
                                                    "self": 503.31956900009607
                                                }
                                            }
                                        }
                                    }
                                },
                                "workers": {
                                    "total": 3.9358412000776415,
                                    "count": 500022,
                                    "self": 0.0,
                                    "children": {
                                        "worker_root": {
                                            "total": 3514.133382699879,
                                            "count": 500022,
                                            "is_parallel": true,