{
    "name": "root",
    "gauges": {
        "RollerBall.Policy.Entropy.mean": {
            "value": 1.199850082397461,
            "min": 1.197402834892273,
            "max": 1.4011824131011963,
            "count": 50
        },
        "RollerBall.Policy.Entropy.sum": {
            "value": 11908.51171875,
            "min": 11518.4033203125,
            "max": 15693.2431640625,
            "count": 50
        },
        "RollerBall.Step.mean": {
            "value": 499966.0,
            "min": 9984.0,
            "max": 499966.0,
            "count": 50
        },
        "RollerBall.Step.sum": {
            "value": 499966.0,
            "min": 9984.0,
            "max": 499966.0,
            "count": 50
        },
        "RollerBall.Policy.ExtrinsicValueEstimate.mean": {
            "value": -0.10515764355659485,
            "min": -1.7886312007904053,
            "max": 0.14280077815055847,
            "count": 50
        },
        "RollerBall.Policy.ExtrinsicValueEstimate.sum": {
            "value": -16.404592514038086,
            "min": -279.0264587402344,
            "max": 22.84812355041504,
            "count": 50
        },
        "RollerBall.Losses.PolicyLoss.mean": {
            "value": 0.2449000860310131,
            "min": 0.2340910281989536,
            "max": 0.26003814649238116,
            "count": 50
        },
        "RollerBall.Losses.PolicyLoss.sum": {
            "value": 16.65320585010889,
            "min": 1.419400078651385,
            "max": 16.65320585010889,
            "count": 50
        },
        "RollerBall.Losses.ValueLoss.mean": {
            "value": 0.3333264297899512,
            "min": 0.0196733712513176,
            "max": 0.4804619064907404,
            "count": 50
        },
        "RollerBall.Losses.ValueLoss.sum": {
            "value": 22.66619722571668,
            "min": 0.1180402275079056,
            "max": 22.66619722571668,
            "count": 50
        },
        "RollerBall.Policy.LearningRate.mean": {
            "value": 3.0088519382588237e-06,
            "min": 3.0088519382588237e-06,
            "max": 0.00029664000112,
            "count": 50
        },
        "RollerBall.Policy.LearningRate.sum": {
            "value": 0.00020460193180160002,
            "min": 0.00020460193180160002,
            "max": 0.0036609703796768,
            "count": 50
        },
        "RollerBall.Policy.Epsilon.mean": {
            "value": 0.10100291764705882,
            "min": 0.10100291764705882,
            "max": 0.19887999999999997,
            "count": 50
        },
        "RollerBall.Policy.Epsilon.sum": {
            "value": 6.8681984,
            "min": 1.0742604,
            "max": 6.8681984,
            "count": 50
        },
        "RollerBall.Policy.Beta.mean": {
            "value": 1.4914296470588235e-05,
            "min": 1.4914296470588235e-05,
            "max": 0.0004945119999999999,
            "count": 50
        },
        "RollerBall.Policy.Beta.sum": {
            "value": 0.00101417216,
            "min": 0.00101417216,
            "max": 0.00617958368,
            "count": 50
        },
        "RollerBall.IsTraining.mean": {
            "value": 1.0,
            "min": 1.0,
            "max": 1.0,
            "count": 50
        },
        "RollerBall.IsTraining.sum": {
            "value": 1.0,
            "min": 1.0,
            "max": 1.0,
            "count": 50
        },
        "RollerBall.Environment.EpisodeLength.mean": {
            "value": 3125.0,
            "min": 3125.0,
            "max": 19488.333333333332,
            "count": 16
        },
        "RollerBall.Environment.EpisodeLength.sum": {
            "value": 3125.0,
            "min": 3125.0,
            "max": 90702.0,
            "count": 16
        },
        "RollerBall.Environment.CumulativeReward.mean": {
            "value": 24.0,
            "min": -406.30002553761005,
            "max": 24.0,
            "count": 16
        },
        "RollerBall.Environment.CumulativeReward.sum": {
            "value": 24.0,
            "min": -1435.2000708281994,
            "max": 24.0,
            "count": 16
        },
        "RollerBall.Policy.ExtrinsicReward.mean": {
            "value": 24.0,
            "min": -406.30002553761005,
            "max": 24.0,
            "count": 16
        },
        "RollerBall.Policy.ExtrinsicReward.sum": {
            "value": 24.0,
            "min": -1435.2000708281994,
            "max": 24.0,
            "count": 16
        }
    },
    "metadata": {
        "timer_format_version": "0.1.0",
        "start_time_seconds": "1650979094",
        "python_version": "3.8.0 (tags/v3.8.0:fa919fd, Oct 14 2019, 19:37:50) [MSC v.1916 64 bit (AMD64)]",
        "command_line_arguments": "P:\\Unity_projects\\track-ml\\venv\\Scripts\\mlagents-learn config\\autopilot_config.yaml --run-id=500000",
        "mlagents_version": "0.28.0",
        "mlagents_envs_version": "0.28.0",
        "communication_protocol_version": "1.5.0",
        "pytorch_version": "1.7.1+cu110",
        "numpy_version": "1.22.3",
        "end_time_seconds": "1650980690"
    },
    "total": 1595.5162199,
    "count": 1,
    "self": 0.006859799999801908,
    "children": {
        "run_training.setup": {
            "total": 0.07223040000000003,
            "count": 1,
            "self": 0.07223040000000003
        },
        "TrainerController.start_learning": {
            "total": 1595.4371297,
            "count": 1,
            "self": 0.2445983999823511,
            "children": {
                "TrainerController._reset_env": {
                    "total": 7.6719819,
                    "count": 1,
                    "self": 7.6719819
                },
                "TrainerController.advance": {
                    "total": 1587.4801410000175,
                    "count": 20034,
                    "self": 0.22685010000395778,
                    "children": {
                        "env_step": {
                            "total": 138.0202579000058,
                            "count": 20034,
                            "self": 99.2902088,
                            "children": {
                                "SubprocessEnvManager._take_step": {
                                    "total": 38.56396340000349,
                                    "count": 20034,
                                    "self": 0.9839114000100295,
                                    "children": {
                                        "TorchPolicy.evaluate": {
                                            "total": 37.58005199999346,
                                            "count": 20034,
                                            "self": 17.06415600000166,
                                            "children": {
                                                "TorchPolicy.sample_actions": {
                                                    "total": 20.5158959999918,
                                                    "count": 20034,
                                                    "self": 20.5158959999918
                                                }
                                            }
                                        }
                                    }
                                },
                                "workers": {
                                    "total": 0.1660857000022986,
                                    "count": 20034,
                                    "self": 0.0,
                                    "children": {
                                        "worker_root": {
                                            "total": 1588.3570033000053,
                                            "count": 20034,
                                            "is_parallel": true,
                                            "self": 1511.8350492000063,