{"count":1,"self":65.0155776,"total":66.3867387,"children":{"InitializeActuators":{"count":1,"self":0.0010000999999999999,"total":0.0010000999999999999,"children":null},"InitializeSensors":{"count":1,"self":0.0020004,"total":0.0020004,"children":null},"AgentSendState":{"count":3091,"self":0.15103039999999998,"total":0.1860443,"children":{"CollectObservations":{"count":3091,"self":0.0090032999999999988,"total":0.0090032999999999988,"children":null},"WriteActionMask":{"count":3091,"self":0.0050024,"total":0.0050024,"children":null},"RequestDecision":{"count":3091,"self":0.021008199999999998,"total":0.021008199999999998,"children":null}}},"DecideAction":{"count":3091,"self":1.1551151,"total":1.1611155,"children":{"RayPerceptionSensor.Perceive":{"count":3091,"self":0.0060003999999999995,"total":0.0060003999999999995,"children":null}}},"AgentAct":{"count":3091,"self":0.0200007,"total":0.0200007,"children":null}},"gauges":{"RollerBall.CumulativeReward":{"count":1,"max":22.5999985,"min":22.5999985,"runningAverage":22.5999985,"value":22.5999985,"weightedAverage":22.5999985}},"metadata":{"timer_format_version":"0.1.0","start_time_seconds":"1652383051","unity_version":"2020.3.31f1","command_line_arguments":"D:\\Programy\\Unity Editor\\2020.3.31f1\\Editor\\Unity.exe -projectpath P:\\Unity_projects\\track-ml -useHub -hubIPC -cloudEnvironment production -licensingIpc LicenseClient-jpawl -hubSessionId 343773f0-d1e8-11ec-88ef-0d7560af2c2e -accessToken HYSzg_QGpZNFTUmGqH7g6hi2HbRkYkn1dGWc4lVV8PA012f","communication_protocol_version":"1.5.0","com.unity.ml-agents_version":"2.0.1","scene_name":"SimpleTrack","end_time_seconds":"1652383117"}}