{
    "name": "root",
    "gauges": {
        "RollerBall.Policy.Entropy.mean": {
            "value": 1.3550422191619873,
            "min": 1.3549073934555054,
            "max": 1.420287013053894,
            "count": 20
        },
        "RollerBall.Policy.Entropy.sum": {
            "value": 13618.173828125,
            "min": 13429.09765625,
            "max": 15812.609375,
            "count": 20
        },
        "RollerBall.Step.mean": {
            "value": 199983.0,
            "min": 9984.0,
            "max": 199983.0,
            "count": 20
        },
        "RollerBall.Step.sum": {
            "value": 199983.0,
            "min": 9984.0,
            "max": 199983.0,
            "count": 20
        },
        "RollerBall.Policy.ExtrinsicValueEstimate.mean": {
            "value": -1.2873953580856323,
            "min": -1.4783449172973633,
            "max": 0.7473697662353516,
            "count": 20
        },
        "RollerBall.Policy.ExtrinsicValueEstimate.sum": {
            "value": -200.83367919921875,
            "min": -232.10015869140625,
            "max": 117.33705139160156,
            "count": 20
        },
        "RollerBall.Losses.PolicyLoss.mean": {
            "value": 0.24144320273928027,
            "min": 0.23793872954978235,
            "max": 0.25154073618427614,
            "count": 20
        },
        "RollerBall.Losses.PolicyLoss.sum": {
            "value": 18.10824020544602,
            "min": 1.4756355296916233,
            "max": 18.830791683024795,
            "count": 20
        },
        "RollerBall.Losses.ValueLoss.mean": {
            "value": 0.566701589230635,
            "min": 0.015215245436461878,
            "max": 0.585268572047612,
            "count": 20
        },
        "RollerBall.Losses.ValueLoss.sum": {
            "value": 42.50261919229762,
            "min": 0.09129147261877127,
            "max": 43.8951429035709,
            "count": 20
        },
        "RollerBall.Policy.LearningRate.mean": {
            "value": 7.525117491660001e-06,
            "min": 7.525117491660001e-06,
            "max": 0.0002916000028,
            "count": 20
        },
        "RollerBall.Policy.LearningRate.sum": {
            "value": 0.0005643838118745,
            "min": 0.0005643838118745,
            "max": 0.009297026700992498,
            "count": 20
        },
        "RollerBall.Policy.Epsilon.mean": {
            "value": 0.10250834,
            "min": 0.10250834,
            "max": 0.19720000000000001,
            "count": 20
        },
        "RollerBall.Policy.Epsilon.sum": {
            "value": 7.6881255,
            "min": 1.0344,
            "max": 10.399007500000002,
            "count": 20
        },
        "RollerBall.Policy.Beta.mean": {
            "value": 2.2290866000000004e-05,
            "min": 2.2290866000000004e-05,
            "max": 0.00048627999999999996,
            "count": 20
        },
        "RollerBall.Policy.Beta.sum": {
            "value": 0.0016718149500000003,
            "min": 0.0016718149500000003,
            "max": 0.01591513675,
            "count": 20
        },
        "RollerBall.IsTraining.mean": {
            "value": 1.0,
            "min": 1.0,
            "max": 1.0,
            "count": 20
        },
        "RollerBall.IsTraining.sum": {
            "value": 1.0,
            "min": 1.0,
            "max": 1.0,
            "count": 20
        },
        "RollerBall.Environment.EpisodeLength.mean": {
            "value": 4048.0,
            "min": 2768.0,
            "max": 5477.0,
            "count": 8
        },
        "RollerBall.Environment.EpisodeLength.sum": {
            "value": 4048.0,
            "min": 4048.0,
            "max": 26436.0,
            "count": 8
        },
        "RollerBall.Environment.CumulativeReward.mean": {
            "value": 6.699999570846558,
            "min": -7.700000822544098,
            "max": 6.699999570846558,
            "count": 8
        },
        "RollerBall.Environment.CumulativeReward.sum": {
            "value": 6.699999570846558,
            "min": -12.80000401288271,
            "max": 38.29999289661646,
            "count": 8
        },
        "RollerBall.Policy.ExtrinsicReward.mean": {
            "value": 6.699999570846558,
            "min": -7.700000822544098,
            "max": 6.699999570846558,
            "count": 8
        },
        "RollerBall.Policy.ExtrinsicReward.sum": {
            "value": 6.699999570846558,
            "min": -12.80000401288271,
            "max": 38.29999289661646,
            "count": 8
        }
    },
    "metadata": {
        "timer_format_version": "0.1.0",
        "start_time_seconds": "1650973729",
        "python_version": "3.8.0 (tags/v3.8.0:fa919fd, Oct 14 2019, 19:37:50) [MSC v.1916 64 bit (AMD64)]",
        "command_line_arguments": "P:\\Unity_projects\\track-ml\\venv\\Scripts\\mlagents-learn config\\autopilot_config.yaml --run-id=200000",
        "mlagents_version": "0.28.0",
        "mlagents_envs_version": "0.28.0",
        "communication_protocol_version": "1.5.0",
        "pytorch_version": "1.7.1+cu110",
        "numpy_version": "1.22.3",
        "end_time_seconds": "1650974370"
    },
    "total": 640.5033209000001,
    "count": 1,
    "self": 0.00666230000001633,
    "children": {
        "run_training.setup": {
            "total": 0.07106509999999999,
            "count": 1,
            "self": 0.07106509999999999
        },
        "TrainerController.start_learning": {
            "total": 640.4255935,
            "count": 1,
            "self": 0.10478650000186462,
            "children": {
                "TrainerController._reset_env": {
                    "total": 9.4422287,
                    "count": 1,
                    "self": 9.4422287
                },
                "TrainerController.advance": {
                    "total": 630.8207069999983,
                    "count": 8034,
                    "self": 0.09613749999630272,
                    "children": {
                        "env_step": {
                            "total": 60.2785011000023,
                            "count": 8034,
                            "self": 44.5491930000008,
                            "children": {
                                "SubprocessEnvManager._take_step": {
                                    "total": 15.664321300001964,
                                    "count": 8034,
                                    "self": 0.40373450000210553,
                                    "children": {
                                        "TorchPolicy.evaluate": {
                                            "total": 15.260586799999858,
                                            "count": 8034,
                                            "self": 6.84597409999286,
                                            "children": {
                                                "TorchPolicy.sample_actions": {
                                                    "total": 8.414612700006998,
                                                    "count": 8034,
                                                    "self": 8.414612700006998
                                                }
                                            }
                                        }
                                    }
                                },
                                "workers": {
                                    "total": 0.06498679999953794,
                                    "count": 8034,
                                    "self": 0.0,
                                    "children": {
                                        "worker_root": {
                                            "total": 631.7756541999964,
                                            "count": 8034,
                                            "is_parallel": true,
                                            "self": 596.3578111000008,