{
    "name": "root",
    "gauges": {
        "RollerBall.Policy.Entropy.mean": {
            "value": 1.384957194328308,
            "min": 1.3824824094772339,
            "max": 1.4189385175704956,
            "count": 100
        },
        "RollerBall.Policy.Entropy.sum": {
            "value": 6849.998046875,
            "min": 6849.998046875,
            "max": 7117.189453125,
            "count": 100
        },
        "RollerBall.Step.mean": {
            "value": 499944.0,
            "min": 4992.0,
            "max": 499944.0,
            "count": 100
        },
        "RollerBall.Step.sum": {
            "value": 499944.0,
            "min": 4992.0,
            "max": 499944.0,
            "count": 100
        },
        "RollerBall.Policy.ExtrinsicValueEstimate.mean": {
            "value": 0.4803317189216614,
            "min": -0.41905367374420166,
            "max": 0.5021055936813354,
            "count": 100
        },
        "RollerBall.Policy.ExtrinsicValueEstimate.sum": {
            "value": 37.46587371826172,
            "min": -33.10523986816406,
            "max": 40.16844940185547,
            "count": 100
        },
        "RollerBall.Environment.EpisodeLength.mean": {
            "value": 1690.3333333333333,
            "min": 1608.0,
            "max": 4999.0,
            "count": 100
        },
        "RollerBall.Environment.EpisodeLength.sum": {
            "value": 5071.0,
            "min": 2168.0,
            "max": 8213.0,
            "count": 100
        },
        "RollerBall.IsTraining.mean": {
            "value": 1.0,
            "min": 1.0,
            "max": 1.0,
            "count": 100
        },
        "RollerBall.IsTraining.sum": {
            "value": 1.0,
            "min": 1.0,
            "max": 1.0,
            "count": 100
        },
        "RollerBall.Environment.CumulativeReward.mean": {
            "value": 9.0,
            "min": -76.60000437498093,
            "max": 9.0,
            "count": 99
        },
        "RollerBall.Environment.CumulativeReward.sum": {
            "value": 27.0,
            "min": -76.60000437498093,
            "max": 27.0,
            "count": 99
        },
        "RollerBall.Policy.ExtrinsicReward.mean": {
            "value": 9.0,
            "min": -76.60000437498093,
            "max": 9.0,
            "count": 99
        },
        "RollerBall.Policy.ExtrinsicReward.sum": {
            "value": 27.0,
            "min": -76.60000437498093,
            "max": 27.0,
            "count": 99
        },
        "RollerBall.Losses.PolicyLoss.mean": {
            "value": 0.05233533395609508,
            "min": 0.04261506613499175,
            "max": 0.058629654037455715,
            "count": 48
        },
        "RollerBall.Losses.PolicyLoss.sum": {
            "value": 0.05233533395609508,
            "min": 0.04261506613499175,
            "max": 0.058629654037455715,
            "count": 48
        },
        "RollerBall.Losses.ValueLoss.mean": {
            "value": 0.02004668894999971,
            "min": 0.01724012322568645,
            "max": 0.32621395016709964,
            "count": 48
        },
        "RollerBall.Losses.ValueLoss.sum": {
            "value": 0.02004668894999971,
            "min": 0.01724012322568645,
            "max": 0.32621395016709964,
            "count": 48
        },
        "RollerBall.Policy.LearningRate.mean": {
            "value": 4.2042985985999915e-06,
            "min": 4.2042985985999915e-06,
            "max": 0.00029384640205119995,
            "count": 48
        },
        "RollerBall.Policy.LearningRate.sum": {
            "value": 4.2042985985999915e-06,
            "min": 4.2042985985999915e-06,
            "max": 0.00029384640205119995,
            "count": 48
        },
        "RollerBall.Policy.Epsilon.mean": {
            "value": 0.10140140000000003,
            "min": 0.10140140000000003,
            "max": 0.19794879999999995,
            "count": 48
        },
        "RollerBall.Policy.Epsilon.sum": {
            "value": 0.10140140000000003,
            "min": 0.10140140000000003,
            "max": 0.19794879999999995,
            "count": 48
        },
        "RollerBall.Policy.Beta.mean": {
            "value": 0.0005000000000000002,
            "min": 0.0005000000000000002,
            "max": 0.0005000000000000002,
            "count": 48
        },
        "RollerBall.Policy.Beta.sum": {
            "value": 0.0005000000000000002,
            "min": 0.0005000000000000002,
            "max": 0.0005000000000000002,
            "count": 48
        }
    },
    "metadata": {
        "timer_format_version": "0.1.0",
        "start_time_seconds": "1647366914",
        "python_version": "3.8.0 (tags/v3.8.0:fa919fd, Oct 14 2019, 19:37:50) [MSC v.1916 64 bit (AMD64)]",
        "command_line_arguments": "P:\\Unity_projects\\track-ml\\venv\\Scripts\\mlagents-learn config\\new_config.yaml --run-id=maxkolonkow3",
        "mlagents_version": "0.28.0",
        "mlagents_envs_version": "0.28.0",
        "communication_protocol_version": "1.5.0",
        "pytorch_version": "1.7.1+cu110",
        "numpy_version": "1.22.3",
        "end_time_seconds": "1647369036"
    },
    "total": 2121.6649902,
    "count": 1,
    "self": 0.007336599999689497,
    "children": {
        "run_training.setup": {
            "total": 0.06835330000000006,
            "count": 1,
            "self": 0.06835330000000006
        },
        "TrainerController.start_learning": {
            "total": 2121.5893003,
            "count": 1,
            "self": 5.342187500041291,
            "children": {
                "TrainerController._reset_env": {
                    "total": 4.0847738,
                    "count": 1,
                    "self": 4.0847738
                },
                "TrainerController.advance": {
                    "total": 2112.1193723999586,
                    "count": 500008,
                    "self": 5.21030019995942,
                    "children": {
                        "env_step": {
                            "total": 1924.9584361001112,
                            "count": 500008,
                            "self": 883.2902825001274,
                            "children": {
                                "SubprocessEnvManager._take_step": {
                                    "total": 1037.7439738000037,
                                    "count": 500008,
                                    "self": 17.98300199995765,
                                    "children": {
                                        "TorchPolicy.evaluate": {
                                            "total": 1019.760971800046,
                                            "count": 500008,
                                            "self": 536.8852541000257,
                                            "children": {
                                                "TorchPolicy.sample_actions": {
                                                    "total": 482.87571770002035,
                                                    "count": 500008,
                                                    "self": 482.87571770002035
                                                }
                                            }
                                        }
                                    }
                                },
                                "workers": {
                                    "total": 3.924179799979969,
                                    "count": 500008,
                                    "self": 0.0,
                                    "children": {
                                        "worker_root": {
                                            "total": 2110.5171572999952,
                                            "count": 500008,
                                            "is_parallel": true,
                                            "self": 1478.8723108000231,