{
    "name": "root",
    "metadata": {
        "timer_format_version": "0.1.0",
        "start_time_seconds": "1650377837",
        "python_version": "3.8.0 (tags/v3.8.0:fa919fd, Oct 14 2019, 19:37:50) [MSC v.1916 64 bit (AMD64)]",
        "command_line_arguments": "P:\\Unity_projects\\track-ml\\venv\\Scripts\\mlagents-learn --run-id=3dballtraining2",
        "mlagents_version": "0.28.0",
        "mlagents_envs_version": "0.28.0",
        "communication_protocol_version": "1.5.0",
        "pytorch_version": "1.7.1+cu110",
        "numpy_version": "1.22.3",
        "end_time_seconds": "1650377895"
    },
    "total": 57.8356405,
    "count": 1,
    "self": 0.005231799999997122,
    "children": {
        "run_training.setup": {
            "total": 0.02946289999999996,
            "count": 1,
            "self": 0.02946289999999996
        },
        "TrainerController.start_learning": {
            "total": 57.8009458,
            "count": 1,
            "self": 0.02816069999996529,
            "children": {
                "TrainerController._reset_env": {
                    "total": 7.6293324,
                    "count": 1,
                    "self": 7.6293324
                },
                "TrainerController.advance": {
                    "total": 50.02011780000003,
                    "count": 2087,
                    "self": 0.024008199999961732,
                    "children": {
                        "env_step": {
                            "total": 45.7233895000001,
                            "count": 2087,
                            "self": 41.732544500000024,
                            "children": {
                                "SubprocessEnvManager._take_step": {
                                    "total": 3.9720727000000497,
                                    "count": 2087,
                                    "self": 0.0723222999999944,
                                    "children": {
                                        "TorchPolicy.evaluate": {
                                            "total": 3.8997504000000554,
                                            "count": 1491,
                                            "self": 1.441128499999964,
                                            "children": {
                                                "TorchPolicy.sample_actions": {
                                                    "total": 2.4586219000000913,
                                                    "count": 1491,
                                                    "self": 2.4586219000000913
                                                }
                                            }
                                        }
                                    }
                                },
                                "workers": {
                                    "total": 0.018772300000030384,
                                    "count": 2086,
                                    "self": 0.0,
                                    "children": {
                                        "worker_root": {
                                            "total": 19.00658210000006,
                                            "count": 2086,
                                            "is_parallel": true,
                                            "self": 11.977907799999898,
                                            "children": {
                                                "steps_from_proto": {
                                                    "total": 0.0003204000000005536,
                                                    "count": 1,
                                                    "is_parallel": true,
                                                    "self": 0.00010580000000093293,
                                                    "children": {
                                                        "_process_rank_one_or_two_observation": {
                                                            "total": 0.00021459999999962065,
                                                            "count": 2,
                                                            "is_parallel": true,
                                                            "self": 0.00021459999999962065
                                                        }
                                                    }
                                                },
                                                "UnityEnvironment.step": {
                                                    "total": 7.028353900000161,
                                                    "count": 2086,
                                                    "is_parallel": true,
                                                    "self": 0.16722870000024592,
                                                    "children": {
                                                        "UnityEnvironment._generate_step_input": {
                                                            "total": 0.22455099999996087,
                                                            "count": 2086,
                                                            "is_parallel": true,
                                                            "self": 0.22455099999996087
                                                        },
                                                        "communicator.exchange": {
                                                            "total": 6.279106200000017,
                                                            "count": 2086,
                                                            "is_parallel": true,
                                                            "self": 6.279106200000017
                                                        },
                                                        "steps_from_proto": {
                                                            "total": 0.35746799999993684,
                                                            "count": 2086,
                                                            "is_parallel": true,
                                                            "self": 0.16040749999999804,
                                                            "children": {
                                                                "_process_rank_one_or_two_observation": {
                                                                    "total": 0.1970604999999388,
                                                                    "count": 4172,
                                                                    "is_parallel": true,
                                                                    "self": 0.1970604999999388
                                                                }
                                                            }
                                                        }
                                                    }
                                                }
                                            }
                                        }
                                    }
                                }
                            }
                        },
                        "trainer_advance": {
                            "total": 4.272720099999967,
                            "count": 2086,
                            "self": 0.03230749999987381,
                            "children": {
                                "process_trajectory": {
                                    "total": 2.4844327000000934,
                                    "count": 2086,
                                    "self": 2.4844327000000934
                                },
                                "_update_policy": {
                                    "total": 1.7559798999999998,